orientation	sample size	constrained spacing	KS-test
++	2922	-29(0.0)	3.029275589807582e-06
--	2755	29(0.0)	2.0062252543451925e-06
+-	2853	-29(0.0)	4.141456814074786e-06
-+	2798	29(0.0)	7.2335568543209095e-06
