orientation	sample size	constrained spacing	KS-test
++	5217	nan	1.2799743228361579e-61
--	5318	8(0.0)	3.2067947745113057e-63
+-	5217	nan	4.0681100882805007e-63
-+	5318	8(0.0)	4.43676036891443e-70
